Produto;Preco;Vendedor;Link
Teclado Mecânico Gamer Logitech G512 Carbon com Layout ABNT2;799;Particular;https://click1.mercadolivre.com.br/mclics/clicks/external/MLB/count?a=IMBrxc0PTzUt2uRwngYnXqe56zEjF2xBMZ5H6ajDuPnJJYPTlj8uqBWMZ7biysy86lVS4BjS6jLctAR7Fpx8jK698howuTn2Se2CTPs1HoaMf4fv0S4%2F1Sgh2Xlb3slI0OZJpIgzt60uOqlPGkImDp%2Bz%2BpIyreQkYL17SKD3W%2FG0ou9Ux60%2Fl35MoWGc5rrQlIIvq5xFNu5TZHimlmt4RPyFiuuDoYCuOBbEm0HbcmOamkjnjZQseDluIald5XiOlwHhrewRRdhXQ4AehG4NDk2Jc2pxD8JQ%2BMtRvOprKA%2B%2FRZvhnZ2hKYEia4%2FFhULqgvQS6%2BkAQrZSO0xOavLqU2DaRT0DPhjvdskRk1JL6uLEjpGGG7z%2BNRNvfJM90dKacRuFms%2Bg894NsxhK8%2BrtJckDlpr04T5zK6NLLMM%2FYt0MGhCQ5dTU9mEEhbH7Ldg%2Fhyiq4tqf3Su%2FY1cvVPggT6Zn8xlo8a%2BNYFxeNPBER2mqslgQzZ3o52tK96WzHvFYiKZrhS7yCz%2FN5RdUHLbwPO1dPiZy61apuImi1f5%2Fb3yZyx0iyjqvwvpQ6cUJk1%2FYbYUKyI7v0M%2FqPWOFxWnN8AZfzulppQiSsbUj4Jqai48lXMJ%2BxP5spK3EcNhPIGVtJSsbXoMgVx34LwVo0ketib8fmS90qHwToeleV5f%2BDfepfQAFi4L3FgecpzdYOyKvLNadFUhNvxKs86abP%2BrNuwbDdgWXcjXiDSh5xv4w%2Fu1kQGehi%2BwCWX%2B8b%2F6fNrP%2BpspxwWDxyGuy81xFnNChK8InCx1MRbo149h5xalBaIUzVZKazAH0Z6MC0bgKWo8Agh5sk7LKJ2uDZw69Lm9nujsYal53cMweaCsNrnwKKdIddqJwepuexHFVTzo6hj3rQ71%2FXG2CkhIzhFIU2puJwKXw3zKY9yec8rwt10vI49U%2Bqraf6oVqdwr0Fa18MzN3SDY%3D#polycard_client=search-desktop&is_advertising=true&searchVariation=MLB16143453&backend_model=search-backend&search_layout=grid&position=1&type=pad&tracking_id=8f44efda-ad47-454b-8551-6934e633e573&wid=MLB1813860562&sid=search
Kit Gamer RGB Teclado Mouse Headset Mousepad Branco;133;Particular;https://click1.mercadolivre.com.br/mclics/clicks/external/MLB/count?a=5RQq9OC%2BoSNVdPNicMUUI9DJzCNvhKazueHuDv1aPsAM5gj9TagxOAPvq%2BJEhj0F9FKkLBpWjFcr37vPT9nBiPCVJfKl1MABTDI%2FoeTxzH%2Fuh4%2FqTMIn3ma1u2maE7DFQfMNGmArunhBfl0KGw%2BCRJZl1hFXslueePrnY8GTY4q2e%2BuIq6VZLxVvEYOc8X9D7jh9gfLErwWMgGwZvI60GZSkBQziuRSpE8lLaF53gDF9m8OwNN47G7bYd%2BGhQn8DRDFlKJak3DjbRGeFtB%2BxJoB33D0KopbxrZZMW9O0vKDiIhTasaxFvOtVp%2BZ9As%2B%2Blt31aBUjIb4zAskSp13jCvotuZoH0IgvZegoxR9NZV7XuCeKqwHcYuIfHxsQ%2FEoY7IunZ0IZHPW6grmqgXtyugrcdjb9nt3Ewr8ZPV1VQzKW3ob8PcDDbxElH9%2B1FJykyhdI%2FJGL2hpGR%2BjATtTW78XccsiJllMTUTd70NKEpvj0yIokfJ5ypzKJP4kJHvgKin6PZl%2BpHQDmdcRYpB2F7MbFK8Uz45oI2Jqo4fbLyHsvGO5%2Bgsntey8DiGJZsHlmbnsJ5Tf3Azj%2FPoBm4ed7XHy2Wf%2FJ81rawfjW84zS5Cc6PiU4IkilapYKhINmjl6hoSc3%2FVhnHEvB1lOdGyQeERm3%2BNgLICwN7um7LKKXwHIt8ZQtSa3RFrbl9jF5TFADpSe0tqZcGm0vBAv%2FbIrMMwodUC7UQSdRMV%2FVTZHbPHfg4xlcEwQ7t4XgFxXByk65OOy9qodQ5T4smVDaULLJi8Gra31M6KomXEz%2BlmGE%2BgkFm1kAxBb%2BrUryi0GhAtHkJYwkYO2VNW3tueNHPphfFPWD9rsnQKmC%2FflQOzRlBSnMZhtuGyS0C7VBKbKqfMToXD%2BynMLjar3Q3ofyueuOJjgpuy8vOV3GqziP9EQOQsaaug%2FBN5NVtOSp#polycard_client=search-desktop&is_advertising=true&searchVariation=MLB60075838&backend_model=search-backend&search_layout=grid&position=2&type=pad&tracking_id=8f44efda-ad47-454b-8551-6934e633e573&wid=MLB6006320842&sid=search
Kit Gamer Teclado Mouse Headset Mousepad Rgb Bluecase Preto;139;Particular;https://click1.mercadolivre.com.br/mclics/clicks/external/MLB/count?a=fI5Pu2Y6W1nzctgZ68cuuBDXBXJ4ccVPu%2Bg947cPPSyfRjnB5igrx%2F5uu%2Bt9NmwM6NlAP9qxaVeeG0hCnTvDwDN3HI%2B9pVubepv%2B7s53lL2BsVIcu4GOXIiCutVq2HJq5FYXki9w1P0kIB%2FiPx2zHUDC6PtmyyB0uA4LDZ26PquOqIeMXP%2BzONRtMEqqdcnh1ibe9pF5Ov3hHfr4CnCxpYQ8GqC%2BZL1A1nJldOS6VchXsrC0wiem4JYqXTzhWC9kxD0nMEtvC46MXm4z556cU9qeKzdl%2FgGwUcc%2Be%2BTjZ0NHdmsH3FYxDXNtrmNjmdlbxle9qsEX1C2s%2FBU2kaXAL0wAVKqT8OWnuAHE9Agstw9ciogTcVZRIqpyJYW%2F%2B1t4uA%2FGK0RNYBEk8HujQuZtxuZLuvFILB%2F4OjrYy3bfudH5sm4YuMEDPyk0DVZiqBTa1NmcEmIQeAsRX8nfA20TrgvOjQg57T8dVd5QirVwS4Lo8fIHqKTW6IPQZOK%2Fc4sF39oPDikwl2nySlPB%2FeOIPueTpIdg%2BDz2ubsIOsBvsANY9CsyJ%2B%2BM5HTIPIGOgsVjUCOGu6dmnGNzVPC1bHoFdRSL4oJueR5KceEXGnpvvFa7kfvD3LuijYcEZ%2FYmHstuM1wrHbExdObGKuqe%2Fxzkim0Ybr8sg5af9ZuzFJAFfMcPkJNbICUAkhtbqk3OwgYD3NXWU%2B0Vu0GJugNZBA4Lzs9cgn6ipWrCxI6063PSSX2D73duXjJOridNzGcQBVa8dH9uu2tccx6aYQ7giII7LjbqwOvesHAf0DpAQThLjq%2BLchOgKrpQVdjYfesudVq9jHEV8ik2nN1fNnaimOiUZ%2FK5HqfJfIBlFlr8kR%2F8L1cyRHWS5s29riiJixEtVD1%2BdhBSb2Kept6ME%2FiAytSlZN9bjNXUJrx4br1gWBYcVHijSgK%2BEv50Z9QZfAk5%2Fyxx#polycard_client=search-desktop&is_advertising=true&searchVariation=MLB42427945&backend_model=search-backend&search_layout=grid&position=3&type=pad&tracking_id=8f44efda-ad47-454b-8551-6934e633e573&wid=MLB3956188335&sid=search
Teclado Gamer Sem Fio Logitech G PRO X TKL - Preto;1.599;Particular;https://click1.mercadolivre.com.br/mclics/clicks/external/MLB/count?a=SaZLCGCvRgbB%2FARIJz9aNAVQeFQxmE%2FyF45zIM%2FC%2FltUJ9iq6cjTsOCDd4Y66gigHI61KQKJ7kc79lsYQhmWP38V8%2FXSs90%2FqADKpR%2Fjm2OFLFoeFMAmFYZ5wBoAICdHZbjvQF%2FFB3WkaZP%2FgZv%2FRAdsQ6mjJHJLXu3qfpqFjZ0nCG5RKIIXdaWDuXIibC7LFOzB6e485gecevTdm3StdWNH2Lqa1MxbY9KPq22Lwky0w%2F%2FERgY6ft8n9JK7mHx7yebJCTpB5T%2BRXTDCC6sUAqaWv9KXsDE6TABZk%2Fvrway95yT5mAqAyxseSZ4%2FqHFBS5gkoBweFpUMnEUnWfCP4ZJO4ArsEEiOcCYHnFv%2B7WVwlzEYglR1oZmAvrmenIyZDMIOwTjUGkr8vKgCDLMWfqNrGsTgVK5htcpwHp3IyaUz1OMX9TUEO5kFq85%2FQJcpSu7yNZGcKPzvLSdenjb6lFbjXm%2BuSGic7sER%2FUZrvGAqeyKsjGgxklGhXO7k59HuO%2BhPQeYl6l%2FhaBCrdrb94lL1vapNPiaWvRVFNVxs8QmzIBy6C01uvGcPq19zQsdUQBRpjTGUdgwfjLuG24IXWj%2F7dhqeQ0%2BKmr4HbcmFYHFSwhhwfw0y3alJZ42viAli6EgK4B0mXCaJPr%2BbrtqQhiw3NIzG7pV%2BdAybxo6NEY3I5zq1j%2BzfieQ5Y3pFGSwrGVmYwOPHxHSB%2BOLzJ9GDitx8jydzmz7YvxpJfJ33oXrIr%2FERD3y%2BSqtoR9nc8L%2FNqZg6YGo1G4J3igIygCt9tua0pjD3C5jSc4uQgtJmkk5PxVi%2Fl0xXEOFeDLxAxTTy6Sf%2Bm%2Bn8sdHYJyXUXX7kfIfc4CRImCWgWZ18gWdiEgee2Yj%2FhwW5D2OgBdUSbqWxL2At6vhZv8x%2BOZns2jfpJHyjTXH3Ksqu8Z4tAhxge%2BjjFiE3xNTHdQ%3D%3D#polycard_client=search-desktop&is_advertising=true&searchVariation=MLB28203070&backend_model=search-backend&search_layout=grid&position=4&type=pad&tracking_id=8f44efda-ad47-454b-8551-6934e633e573&wid=MLB3515613337&sid=search
Teclado Gamer Magnético Akko Monsgeek Fun60 Pro 8000Hz Preto InglesUS 60% USBC Rgb Profissional;349;Particular;https://www.mercadolivre.com.br/teclado-gamer-magnetico-akko-monsgeek-fun60-pro-8000hz-preto-inglesus-60-usbc-rgb-profissional/p/MLB46141430#polycard_client=search-desktop&search_layout=grid&position=5&type=product&tracking_id=8f44efda-ad47-454b-8551-6934e633e573&wid=MLB4463516477&sid=search
Kit Teclado Mouse Gamer Completo Barato Com Fio Cabo De 1,5m Led Com Iluminação Rgb Desktop Conexão Usb Cor Preto Usar Com Headset Acessorios Pc Mecanico Jogos - Goodvision;79;Particular;https://www.mercadolivre.com.br/kit-teclado-mouse-gamer-completo-barato-com-fio-cabo-de-15m-led-com-iluminaco-rgb-desktop-conexo-usb-cor-preto-usar-com-headset-acessorios-pc-mecanico-jogos-goodvision/p/MLB51383856#polycard_client=search-desktop&search_layout=grid&position=6&type=product&tracking_id=8f44efda-ad47-454b-8551-6934e633e573&wid=MLB4464700619&sid=search
Teclado Gamer Bahrein USB Com Fio RGB LED Iluminado ABNT2 Português Brasil QWERTY Preto Mecânico Semi Mecânico Anti-Ghosting Alta Performance PC Notebook Setup Gamer Teclas Macias Plug and Play;52;Particular;https://www.mercadolivre.com.br/teclado-gamer-bahrein-usb-com-fio-rgb-led-iluminado-abnt2-portugus-brasil-qwerty-preto-mecnico-semi-mecnico-anti-ghosting-alta-performance-pc-notebook-setup-gamer-teclas-macias-plug-and-play/p/MLB54098847#polycard_client=search-desktop&search_layout=grid&position=7&type=product&tracking_id=8f44efda-ad47-454b-8551-6934e633e573&wid=MLB5694521266&sid=search
Teclado Gamer Semi Mecânico Led Rgb Abnt2 Usb Pc Computador;78;Particular;https://www.mercadolivre.com.br/teclado-gamer-semi-mecanico-led-rgb-abnt2-usb-pc-computador/up/MLBU1427923912#polycard_client=search-desktop&search_layout=grid&position=8&type=product&tracking_id=8f44efda-ad47-454b-8551-6934e633e573&wid=MLB2142810669&sid=search
Teclado Mecânico Aula F75 Preto Contorno Gamer 75% Sem Fio Tri Mode Bluetooth 2.4G USB RGB Hotswap Layout US;740;Particular;https://www.mercadolivre.com.br/teclado-mecnico-aula-f75-preto-contorno-gamer-75-sem-fio-tri-mode-bluetooth-24g-usb-rgb-hotswap-layout-us/p/MLB52940162#polycard_client=search-desktop&search_layout=grid&position=9&type=product&tracking_id=8f44efda-ad47-454b-8551-6934e633e573&wid=MLB4455855009&sid=search
Teclado Gamer Membrana Redragon Shiva Rgb V2 Preto Preto Português Brasil;178;Particular;https://www.mercadolivre.com.br/teclado-gamer-membrana-redragon-shiva-rgb-v2-preto-preto-portugus-brasil/p/MLB53028111#polycard_client=search-desktop&search_layout=grid&position=10&type=product&tracking_id=8f44efda-ad47-454b-8551-6934e633e573&wid=MLB4331990747&sid=search
Teclado USB Com Fio B-Max BM-T02 ABNT2 Silencioso Ergonômico Preto;28;Particular;https://www.mercadolivre.com.br/teclado-usb-com-fio-b-max-bm-t02-abnt2-silencioso-ergonmico-preto/p/MLB40470245#polycard_client=search-desktop&search_layout=grid&position=11&type=product&tracking_id=8f44efda-ad47-454b-8551-6934e633e573&wid=MLB6106566036&sid=search
Kit Mobilador Gamer Para Celular Com Teclado Mouse Led Rgb Tipo C Dt Eletro;134;Particular;https://www.mercadolivre.com.br/kit-mobilador-gamer-para-celular-com-teclado-mouse-led-rgb-tipo-c-dt-eletro/p/MLB66416119#polycard_client=search-desktop&search_layout=grid&position=12&type=product&tracking_id=8f44efda-ad47-454b-8551-6934e633e573&wid=MLB6471006256&sid=search
Teclado Mecânico Gamer 60% Switch Vermelho Rgb Jogos Sem Fio;333;Particular;https://click1.mercadolivre.com.br/mclics/clicks/external/MLB/count?a=Ema1a1Pl7Pw3duYf9VWvyRhHG2oMVpbUJsmZ%2BDXTD855ZGah1k0Rscu9cDBPv0LSam9iv%2FxV4FgAg1%2FobojGDZBk7khEnuWatomL9giKDJsbuaSOZiOPhs4%2BEwTlzwV81otSRZQhIAjYsrMN%2B8QNXypobKpO4EaBGml3prDn5G77gT98lIhV60OSl3x0v4PI5z0%2FUs%2FghlTrMCL%2Fu8gwcws6sMUt3IvGJuXaILdbctPXuc%2FpGSfQkKEhjl2jYxjHwX6Evz2AO3IJkA%2FksuTsod%2BLZzNnzQQtt2qRWOw%2FZkZW86Py3mtqklB%2F2JKur9l9EP3ozpBGQjMMH%2B%2FGdaciG1z5qlGnHh2DhPE9Zk%2BLxIDgLjK3r9QbJF8A%2FM4wv2TSW23HKLGZekQDVKLvhEfktMbd%2BR%2FS00YtzggEN9iNYCRuWYgxgxnI9b%2Fsh1LbtKgSllQ9QWGycHLI1ll2k0nEUVDd7VPLDRlCPwzTzHa9vtA6fa4nZmCkRJ9JtmTSj%2BniruQDeqN6pLr4YLEJdtbIarat9J9Tlbzg1bfTlCCTvMOMJn%2BWdY8GTHII06mX%2FDmosId%2BeULFs2uE78LMNX7jO2kDJ%2FVhruG%2FzPOxpfK3NvQUj327Z5b8xjH9bKnAVPQKLCM1NlNY96p84NuLEKCDknT8FMB7ALWR49gGPLR1hsOO7BoS6l4yzWbmrmOzmsNs4S%2FVex8HCCdDKSm4Y%2FhE4tJKZnBTDXM3Ivg5TcIryZTYcKqua1FWI6ClAqwwPP32Vwz7u%2BTC5oL%2BIMFmW3U6QO7eyhh8pxEI0NLVEgMq4jESdj7UHnhE12DmtVqnoHY4YkZhuQcMAxnRvpZDxU2wQwIJ5EDhs2SIMUZCNK%2BlI%2Fod0Y3zEbp1oLF9oj4z1aOCRnIfqVkhkC9zDR3KEsteEAu8XGSd8ZvTlGT%2B7kskxmPSiXYjL%2BW8wy0vU1Ktd%2BLllWhWcKbpMdviVjP6Ww%3D%3D#polycard_client=search-desktop&is_advertising=true&searchVariation=MLBU3813259360&backend_model=search-backend&search_layout=grid&position=13&type=pad&tracking_id=8f44efda-ad47-454b-8551-6934e633e573&wid=MLB4483964391&sid=search
Kit Teclado E Mouse Sem Fio Bluetooth Abnt2 Recarregáveis;259;Particular;https://click1.mercadolivre.com.br/mclics/clicks/external/MLB/count?a=ClBNvEQd7mQavLorOkuevyPFEJzqy4ydew6iL4w3tojT6bfTK84zF%2FbnYNbPzd1gLfixRtnYuOIWraP1RqbBDyoCv54a8uKqfB8AExPFFbYHte9atpq2e8QFEFxKs38GK7nmjFt9I%2B%2Bx%2FUiLe8Z8EcglvyWSj59sQ9NGEEGCHv7J8ndgEAPMcY7JRKnfTknQseXfRndoY0co8AuODHX0DfzZI6BuHBUekI8hwCBlQZZa3RwPccjWOcb9WCexBBeKVYoPcqqExXKvX0cnG5VQMczo7hMEVf%2B1tpas%2FJ4fWUM5%2BIUIt2VWSjdbKTchcChh1WraNnv%2BgYKPC5HS%2Bg6aTQ2SDataJwZZ2kLQjhITgR9hAPqVMtw1JBZZ%2F1nQy873HVdoJxDgqai2IVD4fFUTzaFZZcgNWfmQ4i4YXEfekdJqIY%2BXqKpwh4SEZceDf07fFdhJXKmANrTZ9msNQDweHDl8DDD170Rjx1NsIGjLMYMbKU7Lp4b1gB4CDTesZRnQHWq91rvwBZVYuRhQpiXWNtWZ%2Bo34sfNdxR9SoulLBbBS0kH7F6mInn72QzyJe77oGDOPxQHXqX45LLj8CmedLxb90ZKcfSl4XfvEOUd17E96FIDpiCIbr7F60CI8EfGqv%2BEQSadnjas%2Bv4D7VQ7jufIcDpIgF1S8VwxN7DgpDAgvWGvBqEwxhC9MRgHfGyTGoBaCji57yp7SufHwBbKQxCIdHyqseFvPEaYnHtl1kbnKHNuTQ5TCLka6%2BB0SkUMEgpwENKrM4Hf8EB%2FPDTN%2B2lNv%2Fh90Gzi2d079KbsxLm%2FqJOLKzBRQLkeQk17EudNU6nnwFF9B3IeUwEODPQK8vYti7NSyUQeWVeGCQgAkR4i1xcYEVr%2FNRwq%2FS%2FFfl8tJDZqhH7Wn9X1SNIEX2F87ozarJ3sNUCOazPaSPz1EexA1XjHW0erxyXQ81TLkG24NFnBD&searchVariation=183931879398#polycard_client=search-desktop&is_advertising=true&searchVariation=183931879398&backend_model=search-backend&search_layout=grid&position=14&type=pad&tracking_id=8f44efda-ad47-454b-8551-6934e633e573
Teclado Mecânico Gamer RGB, Tri-Mode(2.4G/Bluetooth/USB-C) Hot Swap Anti Ghost Teclado Colorido, 87 Teclas ANSI Compact TKL Switch Vermelho Com Knob Gamer/Office Modo, Para Laptop PC Gamer Xbox;549;Particular;https://click1.mercadolivre.com.br/mclics/clicks/external/MLB/count?a=d0YsXD6%2FLdbOWoSu5P1lkPWufp4zAu9rfxKnM4JfhuRO1K2u7FicYxvxPVp7P4co%2FazEGH8EaVOYb5%2FdNob8Ierg3S4uYVe%2F2ElpCOgpup%2BZigAYAvS9Qx13u2EWFBo%2FgCIYROvb1ejKK%2BTtCM42ZNE698cI9rzENbGyENr2%2FvPv12wDrSfggyIvetEhwlwz8YNsUKq4ARonyZQ0Cwffg4VkHYRh5uI8q8X8%2BiV1XQ1uta0Lt7xMK5oBaXBB8h4L9h4q1vQ8msdba3c9D78YmQ%2BS06KerAuSnmy772y2wcCdG9iZk547e4FZQhL8GYN6r%2FILowUlZLBcm6MJ5joTNjoOy%2B9J8ze%2BQWx5YA%2FFiPF4i5WFJfRmKdLHEm1a%2F2voBoeQAgOQ07%2BQ19p5HsUQNFXflfC7%2Fsi6W7rgWJiH6GpbGzBgy3W2ZVOJBUT3eLDIgvbG%2BRhbL5ifxBap8Ejj%2F97Izpfw3p%2BSUNIzrc3BADs%2BvbMsKigiC2aCdcY0PNu4iPXnvAhPRVGsw%2FdbrZuKAg02sOXW3FTgJyp%2BowbicWWtWFIoMy1uR9bd5Gcg9fwBapZFmegFWqKgs9YvPSf5hjXeiZzAqRlXuukBl7vBzV29riSRpTE4wjIQkbWhsPa%2FlAYWTz9tlUW%2BHlUDJ8VxHFxvP3JlnJT4UAIXhsx0aKJIMFXZsYyw4RT2hrV3XsIGr7gcK0kIMCmKohM%2FgNnAYAYTaLci2RvdKT3w06j5Z6D1s8D1t%2Bi0ubwuoWHRnHa0Dj1LVsEswMM2q0S5XSMPZZiBdHYpildc0dCebEFZPG72bHUzGMJFekwu%2B6%2BHH6nmbGnDeVXEjj5W7eJeWCDWsNBuYbWJ6rwacT%2FCr5OrannfGNgBMaJLP2KBbuxW2MKdYV6QS8TDLE%2Ff%2BedHKK%2F3vgMvNhJUgUglvRvhBMlc3bv8vtr06j1tzjCjnqP2GUXnY%2F0E%2FbcaEpRbaztaJ%2BSM406pt%2BG1cMs4GL39a%2BjOyvt1mzczKW4quD5MqIOEAnADxo55%2Ff%2BTgtxdvWB5FzH71QPZh1IhliodxlOl1YUgOhoFx9%2FNA1aG4KF%2FGQ3mWxl7SkHav6OiakSwk7oFad%2BQDdsVZRQdjfBn25Tjq745oqg%3D#polycard_client=search-desktop&is_advertising=true&searchVariation=MLB62282462&backend_model=search-backend&search_layout=grid&position=15&type=pad&tracking_id=8f44efda-ad47-454b-8551-6934e633e573&wid=MLB5952015210&sid=search
Teclado Mecânico Gamer Dazz Orion Essential Switch Yh Blue;169;Particular;https://click1.mercadolivre.com.br/mclics/clicks/external/MLB/count?a=9ZgJgRwdLqGyJ7AYHBZ7V%2B7h4lDozSctmrA98bRFlvYZoydH50aCUrFPFICpu3g0MTq%2F3KS8GCM4sFr%2FvU6xGc7KB5ePyKIxVfRo8lUCL5es1n9fH%2BSq2w7ZzXNx3s%2FcKUGfyH2zOlqipgIFhqdUE4r7kfOo%2BmTx6Er6EG52yLOVM9wXLWacdGLhAhU3pnxoLITWtDHiYknBNP2Eh9gbaAO37xiR1DZcWV0b21ZyiqyvOnDXkudruLOIgrMBXsx0dh3smHdI0WGGeQ1f4WfMPuL1R8WrNzIg5ajH4tRnSRAaDbI%2B3nIhsKVsMAMibjQxF9%2FT2xFs3VP20GRB5mZYXBT0M8fx2X%2Bbbux8LX3YtWLjacrP48YoN%2FzmKzb%2FteL5ABjrgYOZNmAdtWv3IusftLmu6A9fKXfBb3%2BKbgX99nk%2FQ1clUYOva7UnAsj3IKjyrdLdDUs8VnVjZV4prEgxR4BWkki8N9O%2FwpNPhMmqqF46kLO0qpMWnZ6OJeggS1X0ergCzOVY4gh5qFWJvf2c9ZBm2poqFsjwCRYc3I8GcvmdDfRMYVQ6TaTqLyAStHgJ6fHzz8FOrw7wwhAn5m63Fj1ofT98J06xjmjLGaKs3vT2xAyxna5xvkTzujGpJhq5GdgolPvoNOweTndsn%2BhPAJOIvGcJ7n8ZOvdTXjdDBKhgAb%2BPcVCM8DGJqNxCuS6giSYea0swef7Yk1WdpCJrc504NOGn0Ghy8jYgphcrfH2w3VaVBDYVmWciJFWCoWbsvx74W8ryHmp6FIzC2LyS5gzt39Ka8gmq2k4qwXyA6BwVZci3Me66%2Bi2D57qkamcqUR91f2LBA2XE6ncwqV0EM%2BwZhFwBzkpqPTBn%2FTfTIYcHKtuoPc%2Bi6G1U3iCyhzz8dnrPy0H0IkmDkc3JjdN6ZPxn9S3NqdD9xuf43NlqfTiliO21GCa%2BOlIpYl8gN7dBdZfFlhmXMzPF#polycard_client=search-desktop&is_advertising=true&searchVariation=MLBU3539051735&backend_model=search-backend&search_layout=grid&position=16&type=pad&tracking_id=8f44efda-ad47-454b-8551-6934e633e573&wid=MLB4291643783&sid=search
Teclado Mecânico Gamer Kumara Elite Preto K552-krs Iluminação Rainbow Preto Português Brasil Redragon;252;Particular;https://www.mercadolivre.com.br/teclado-mecnico-gamer-kumara-elite-preto-k552-krs-iluminaco-rainbow-preto-portugus-brasil-redragon/p/MLB53222888#polycard_client=search-desktop&search_layout=grid&position=17&type=product&tracking_id=8f44efda-ad47-454b-8551-6934e633e573&wid=MLB4166980801&sid=search
Teclado Mecânico Gamer, 2.4ghz/usb-c/bt, 75% 82 Teclas Rgb Hot Swappable Teclado Mecânico Aula, Anti Ghosting Abnt2 Usb Para Pc Notebook Mac Ps4, Preto;528;Particular;https://www.mercadolivre.com.br/teclado-mecnico-gamer-24ghzusb-cbt-75-82-teclas-rgb-hot-swappable-teclado-mecnico-aula-anti-ghosting-abnt2-usb-para-pc-notebook-mac-ps4-preto/p/MLB64827262#polycard_client=search-desktop&search_layout=grid&position=18&type=product&tracking_id=8f44efda-ad47-454b-8551-6934e633e573&wid=MLB4372327575&sid=search
Teclado Gamer Fortrek Fearless 80 Tkl Preto Abnt2 Usb Anti Ghosting Led Rainbow Computador Pc Notebook Teclas Multimídia;69;Particular;https://www.mercadolivre.com.br/teclado-gamer-fortrek-fearless-80-tkl-preto-abnt2-usb-anti-ghosting-led-rainbow-computador-pc-notebook-teclas-multimidia/p/MLB43422935#polycard_client=search-desktop&search_layout=grid&position=19&type=product&tracking_id=8f44efda-ad47-454b-8551-6934e633e573&wid=MLB4133859729&sid=search
Teclado Mecânico Gamer 60% Switch Brow Red Pc Computador Switch Marron Português Brasil - Titorion;249;Particular;https://www.mercadolivre.com.br/teclado-mecnico-gamer-60-switch-brow-red-pc-computador-switch-marron-portugus-brasil-titorion/p/MLB54035519#polycard_client=search-desktop&search_layout=grid&position=20&type=product&tracking_id=8f44efda-ad47-454b-8551-6934e633e573&wid=MLB5612723310&sid=search
